{"graph_0": {"_type": "graph-file", "path": "media/graph/graph_0_summary_3b4a6299.graph.json", "sha256": "3b4a6299178c8c21e7cc849fc90af992c2d0b08f92b1111b3a6ca21a080572c9", "size": 504}, "reg loss": 6.24170853891215e-11, "_step": 73, "_runtime": 376, "_timestamp": 1608671596, "loss": 50058.73046875}